figmaVariableName,mode,value,type,alias,defaultMode
layers/layer-0/elements/interactive/tone,Light,brand/palettes/core-colors/interactive/default/tone,COLOR,true,true
layers/layer-0/elements/interactive/tone-hover,Light,brand/palettes/core-colors/interactive/hover/tone,COLOR,true,true
layers/layer-0/elements/interactive/on-tone,Light,brand/palettes/core-colors/interactive/default/on-tone,COLOR,true,true
layers/layer-0/elements/interactive/on-tone-hover,Light,brand/palettes/core-colors/interactive/hover/on-tone,COLOR,true,true
layers/layer-0/elements/text/warning,Light,brand/palettes/core-colors/warning/tone,COLOR,true,true
layers/layer-0/elements/text/success,Light,brand/palettes/core-colors/success/tone,COLOR,true,true
layers/layer-0/elements/text/alert,Light,brand/palettes/core-colors/alert/tone,COLOR,true,true
layers/layer-0/elements/text/color,Light,brand/palettes/neutral/050/color/on-tone,COLOR,true,true
layers/layer-0/properties/elevation,Light,brand/elevations/elevation-0,STRING,true,true
layers/layer-0/properties/surface,Light,brand/palettes/neutral/000/color/tone,COLOR,true,true
layers/layer-0/properties/padding,Light,tokens/sizes/3x,FLOAT,true,true
layers/layer-0/properties/border-color,Light,brand/palettes/neutral/200/color/tone,COLOR,true,true
layers/layer-0/properties/border-radius,Light,tokens/sizes/3x,FLOAT,true,true
layers/layer-0/properties/border-thickness,Light,0,FLOAT,false,true
layers/layer-1/properties/border-thickness,Light,2,FLOAT,false,true
layers/layer-1/properties/elevation,Light,brand/elevations/elevation-0,STRING,true,true
layers/layer-1/properties/border-radius,Light,tokens/sizes/3x,FLOAT,true,true
layers/layer-1/properties/border-color,Light,brand/palettes/neutral/200/color/tone,COLOR,true,true
layers/layer-1/properties/surface,Light,brand/palettes/neutral/050/color/tone,COLOR,true,true
layers/layer-1/properties/padding,Light,tokens/sizes/3x,FLOAT,true,true
layers/layer-1/elements/text/warning,Light,brand/palettes/core-colors/warning/tone,COLOR,true,true
layers/layer-1/elements/text/success,Light,brand/palettes/core-colors/success/tone,COLOR,true,true
layers/layer-1/elements/text/alert,Light,brand/palettes/core-colors/alert/tone,COLOR,true,true
layers/layer-1/elements/text/color,Light,brand/palettes/neutral/050/color/on-tone,COLOR,true,true
layers/layer-1/elements/interactive/tone,Light,brand/palettes/core-colors/interactive/default/tone,COLOR,true,true
layers/layer-1/elements/interactive/tone-hover,Light,brand/palettes/core-colors/interactive/hover/tone,COLOR,true,true
layers/layer-1/elements/interactive/on-tone,Light,brand/palettes/core-colors/interactive/default/on-tone,COLOR,true,true
layers/layer-1/elements/interactive/on-tone-hover,Light,brand/palettes/core-colors/interactive/hover/on-tone,COLOR,true,true
layers/layer-3/properties/elevation,Light,brand/elevations/elevation-4,STRING,true,true
layers/layer-3/properties/border-radius,Light,tokens/sizes/default,FLOAT,true,true
layers/layer-3/properties/surface,Light,brand/palettes/neutral/050/color/tone,COLOR,true,true
layers/layer-3/properties/padding,Light,tokens/sizes/2x,FLOAT,true,true
layers/layer-3/properties/border-color,Light,brand/palettes/neutral/100/color/tone,COLOR,true,true
layers/layer-3/properties/border-thickness,Light,0,FLOAT,false,true
layers/layer-3/elements/text/warning,Light,brand/palettes/core-colors/warning/tone,COLOR,true,true
layers/layer-3/elements/text/success,Light,brand/palettes/core-colors/success/tone,COLOR,true,true
layers/layer-3/elements/text/alert,Light,brand/palettes/core-colors/alert/tone,COLOR,true,true
layers/layer-3/elements/text/color,Light,brand/palettes/core-colors/black/tone,COLOR,true,true
layers/layer-3/elements/interactive/tone,Light,brand/palettes/core-colors/interactive/default/tone,COLOR,true,true
layers/layer-3/elements/interactive/tone-hover,Light,brand/palettes/core-colors/interactive/hover/tone,COLOR,true,true
layers/layer-3/elements/interactive/on-tone,Light,brand/palettes/core-colors/interactive/default/on-tone,COLOR,true,true
layers/layer-3/elements/interactive/on-tone-hover,Light,brand/palettes/core-colors/interactive/hover/on-tone,COLOR,true,true
layers/layer-2/elements/text/success,Light,brand/palettes/core-colors/success/tone,COLOR,true,true
layers/layer-2/elements/text/alert,Light,brand/palettes/core-colors/alert/tone,COLOR,true,true
layers/layer-2/elements/text/color,Light,brand/palettes/neutral/050/color/on-tone,COLOR,true,true
layers/layer-2/elements/text/warning,Light,brand/palettes/core-colors/warning/tone,COLOR,true,true
layers/layer-2/elements/interactive/tone,Light,brand/palettes/core-colors/interactive/default/tone,COLOR,true,true
layers/layer-2/elements/interactive/tone-hover,Light,brand/palettes/core-colors/interactive/hover/tone,COLOR,true,true
layers/layer-2/elements/interactive/on-tone,Light,brand/palettes/core-colors/interactive/default/on-tone,COLOR,true,true
layers/layer-2/elements/interactive/on-tone-hover,Light,brand/palettes/core-colors/interactive/hover/on-tone,COLOR,true,true
layers/layer-2/properties/surface,Light,brand/palettes/neutral/050/color/tone,COLOR,true,true
layers/layer-2/properties/padding,Light,tokens/sizes/2x,FLOAT,true,true
layers/layer-2/properties/elevation,Light,brand/elevations/elevation-2,STRING,true,true
layers/layer-2/properties/border-radius,Light,tokens/sizes/2x,FLOAT,true,true
layers/layer-2/properties/border-color,Light,brand/palettes/neutral/200/color/tone,COLOR,true,true
layers/layer-2/properties/border-thickness,Light,0,FLOAT,false,true
states/disabled,Light,tokens/opacities/ghost,FLOAT,true,true
states/hover,Light,tokens/opacities/mist,FLOAT,true,true
states/overlay/color,Light,brand/palettes/core-colors/black/tone,COLOR,true,true
states/overlay/opacity,Light,tokens/opacities/ghost,FLOAT,true,true
text-emphasis/low,Light,tokens/opacities/smoky,FLOAT,true,true
text-emphasis/high,Light,tokens/opacities/solid,FLOAT,true,true
palettes/neutral/100/color/tone,Light,tokens/colors/gray/100,COLOR,true,true
palettes/neutral/100/color/on-tone,Light,brand/palettes/core-colors/black/on-tone,COLOR,true,true
palettes/neutral/200/color/tone,Light,tokens/colors/gray/200,COLOR,true,true
palettes/neutral/200/color/on-tone,Light,brand/palettes/core-colors/black/on-tone,COLOR,true,true
palettes/neutral/300/color/tone,Light,tokens/colors/gray/300,COLOR,true,true
palettes/neutral/300/color/on-tone,Light,brand/palettes/core-colors/black/on-tone,COLOR,true,true
palettes/neutral/400/color/tone,Light,tokens/colors/gray/400,COLOR,true,true
palettes/neutral/400/color/on-tone,Light,brand/palettes/core-colors/black/on-tone,COLOR,true,true
palettes/neutral/500/color/tone,Light,tokens/colors/gray/500,COLOR,true,true
palettes/neutral/500/color/on-tone,Light,brand/palettes/core-colors/black/on-tone,COLOR,true,true
palettes/neutral/600/color/tone,Light,tokens/colors/gray/600,COLOR,true,true
palettes/neutral/600/color/on-tone,Light,brand/palettes/core-colors/white/on-tone,COLOR,true,true
palettes/neutral/700/color/tone,Light,tokens/colors/gray/700,COLOR,true,true
palettes/neutral/700/color/on-tone,Light,brand/palettes/core-colors/white/on-tone,COLOR,true,true
palettes/neutral/800/color/tone,Light,tokens/colors/gray/800,COLOR,true,true
palettes/neutral/800/color/on-tone,Light,brand/palettes/core-colors/white/on-tone,COLOR,true,true
palettes/neutral/900/color/tone,Light,tokens/colors/gray/900,COLOR,true,true
palettes/neutral/900/color/on-tone,Light,brand/palettes/core-colors/white/on-tone,COLOR,true,true
palettes/neutral/1000/color/tone,Light,tokens/colors/gray/1000,COLOR,true,true
palettes/neutral/1000/color/on-tone,Light,brand/palettes/core-colors/white/on-tone,COLOR,true,true
palettes/neutral/default,Light,brand/palettes/neutral/200/color/tone,STRING,true,true
palettes/neutral/000/color/tone,Light,tokens/colors/gray/000,COLOR,true,true
palettes/neutral/000/color/on-tone,Light,brand/palettes/core-colors/black/on-tone,COLOR,true,true
palettes/neutral/050/color/tone,Light,tokens/colors/gray/050,COLOR,true,true
palettes/neutral/050/color/on-tone,Light,brand/palettes/core-colors/black/on-tone,COLOR,true,true
palettes/palette-1/100/color/tone,Light,tokens/colors/salmon/100,COLOR,true,true
palettes/palette-1/100/color/on-tone,Light,brand/palettes/core-colors/black/on-tone,COLOR,true,true
palettes/palette-1/200/color/tone,Light,tokens/colors/salmon/200,COLOR,true,true
palettes/palette-1/200/color/on-tone,Light,brand/palettes/core-colors/black/on-tone,COLOR,true,true
palettes/palette-1/300/color/tone,Light,tokens/colors/salmon/300,COLOR,true,true
palettes/palette-1/300/color/on-tone,Light,brand/palettes/core-colors/black/on-tone,COLOR,true,true
palettes/palette-1/400/color/tone,Light,tokens/colors/salmon/400,COLOR,true,true
palettes/palette-1/400/color/on-tone,Light,brand/palettes/core-colors/white/on-tone,COLOR,true,true
palettes/palette-1/500/color/tone,Light,tokens/colors/salmon/500,COLOR,true,true
palettes/palette-1/500/color/on-tone,Light,brand/palettes/core-colors/white/on-tone,COLOR,true,true
palettes/palette-1/600/color/tone,Light,tokens/colors/salmon/600,COLOR,true,true
palettes/palette-1/600/color/on-tone,Light,brand/palettes/core-colors/white/on-tone,COLOR,true,true
palettes/palette-1/700/color/tone,Light,tokens/colors/salmon/700,COLOR,true,true
palettes/palette-1/700/color/on-tone,Light,brand/palettes/core-colors/white/on-tone,COLOR,true,true
palettes/palette-1/800/color/tone,Light,tokens/colors/salmon/800,COLOR,true,true
palettes/palette-1/800/color/on-tone,Light,brand/palettes/core-colors/white/on-tone,COLOR,true,true
palettes/palette-1/900/color/tone,Light,tokens/colors/salmon/900,COLOR,true,true
palettes/palette-1/900/color/on-tone,Light,brand/palettes/core-colors/white/on-tone,COLOR,true,true
palettes/palette-1/1000/color/tone,Light,tokens/colors/salmon/1000,COLOR,true,true
palettes/palette-1/1000/color/on-tone,Light,brand/palettes/core-colors/white/on-tone,COLOR,true,true
palettes/palette-1/default,Light,brand/palettes/palette-1/400/color/tone,STRING,true,true
palettes/palette-1/000/color/tone,Light,tokens/colors/salmon/000,COLOR,true,true
palettes/palette-1/000/color/on-tone,Light,brand/palettes/core-colors/black/on-tone,COLOR,true,true
palettes/palette-1/050/color/tone,Light,tokens/colors/salmon/050,COLOR,true,true
palettes/palette-1/050/color/on-tone,Light,brand/palettes/core-colors/black/on-tone,COLOR,true,true
palettes/palette-2/100/color/tone,Light,tokens/colors/cornflower/100,COLOR,true,true
palettes/palette-2/100/color/on-tone,Light,brand/palettes/core-colors/black/on-tone,COLOR,true,true
palettes/palette-2/200/color/tone,Light,tokens/colors/cornflower/200,COLOR,true,true
palettes/palette-2/200/color/on-tone,Light,brand/palettes/core-colors/black/on-tone,COLOR,true,true
palettes/palette-2/300/color/tone,Light,tokens/colors/cornflower/300,COLOR,true,true
palettes/palette-2/300/color/on-tone,Light,brand/palettes/core-colors/black/on-tone,COLOR,true,true
palettes/palette-2/400/color/tone,Light,tokens/colors/cornflower/400,COLOR,true,true
palettes/palette-2/400/color/on-tone,Light,brand/palettes/core-colors/white/on-tone,COLOR,true,true
palettes/palette-2/500/color/tone,Light,tokens/colors/cornflower/500,COLOR,true,true
palettes/palette-2/500/color/on-tone,Light,brand/palettes/core-colors/white/on-tone,COLOR,true,true
palettes/palette-2/600/color/tone,Light,tokens/colors/cornflower/600,COLOR,true,true
palettes/palette-2/600/color/on-tone,Light,brand/palettes/core-colors/white/on-tone,COLOR,true,true
palettes/palette-2/700/color/tone,Light,tokens/colors/cornflower/700,COLOR,true,true
palettes/palette-2/700/color/on-tone,Light,brand/palettes/core-colors/white/on-tone,COLOR,true,true
palettes/palette-2/800/color/tone,Light,tokens/colors/cornflower/800,COLOR,true,true
palettes/palette-2/800/color/on-tone,Light,brand/palettes/core-colors/white/on-tone,COLOR,true,true
palettes/palette-2/900/color/tone,Light,tokens/colors/cornflower/900,COLOR,true,true
palettes/palette-2/900/color/on-tone,Light,brand/palettes/core-colors/white/on-tone,COLOR,true,true
palettes/palette-2/1000/color/tone,Light,tokens/colors/cornflower/1000,COLOR,true,true
palettes/palette-2/1000/color/on-tone,Light,brand/palettes/core-colors/white/on-tone,COLOR,true,true
palettes/palette-2/default,Light,brand/palettes/palette-2/400/color/tone,STRING,true,true
palettes/palette-2/000/color/tone,Light,tokens/colors/cornflower/000,COLOR,true,true
palettes/palette-2/000/color/on-tone,Light,brand/palettes/core-colors/black/on-tone,COLOR,true,true
palettes/palette-2/050/color/tone,Light,tokens/colors/cornflower/050,COLOR,true,true
palettes/palette-2/050/color/on-tone,Light,brand/palettes/core-colors/black/on-tone,COLOR,true,true
palettes/core-colors/black/tone,Light,tokens/colors/gray/1000,COLOR,true,true
palettes/core-colors/black/on-tone,Light,brand/palettes/core-colors/white/on-tone,COLOR,true,true
palettes/core-colors/black/interactive,Light,tokens/colors/mandy/300,COLOR,true,true
palettes/core-colors/white/tone,Light,tokens/colors/gray/000,COLOR,true,true
palettes/core-colors/white/on-tone,Light,brand/palettes/core-colors/black/on-tone,COLOR,true,true
palettes/core-colors/white/interactive,Light,tokens/colors/mandy/500,COLOR,true,true
palettes/core-colors/alert/tone,Light,tokens/colors/mandy/600,COLOR,true,true
palettes/core-colors/alert/on-tone,Light,brand/palettes/core-colors/white/on-tone,COLOR,true,true
palettes/core-colors/alert/interactive,Light,tokens/colors/mandy/050,COLOR,true,true
palettes/core-colors/success/tone,Light,tokens/colors/greensheen/600,COLOR,true,true
palettes/core-colors/success/on-tone,Light,brand/palettes/core-colors/white/on-tone,COLOR,true,true
palettes/core-colors/success/interactive,Light,tokens/colors/mandy/050,COLOR,true,true
palettes/core-colors/warning/tone,Light,tokens/colors/mandarin/600,COLOR,true,true
palettes/core-colors/warning/on-tone,Light,tokens/colors/mandy/900,COLOR,true,true
palettes/core-colors/warning/interactive,Light,tokens/colors/mandy/900,COLOR,true,true
palettes/core-colors/interactive/default/tone,Light,tokens/colors/mandy/500,COLOR,true,true
palettes/core-colors/interactive/default/on-tone,Light,brand/palettes/core-colors/white/on-tone,COLOR,true,true
palettes/core-colors/interactive/hover/tone,Light,tokens/colors/mandy/600,COLOR,true,true
palettes/core-colors/interactive/hover/on-tone,Light,brand/palettes/core-colors/white/on-tone,COLOR,true,true
elevations/elevation-0,Light,"{""x"":{""$value"":{""value"":0,""unit"":""px""},""$type"":""number""},""y"":{""$value"":{""value"":0,""unit"":""px""},""$type"":""number""},""blur"":{""$value"":{""value"":0,""unit"":""px""},""$type"":""number""},""spread"":{""$value"":{""value"":0,""unit"":""px""},""$type"":""number""},""color"":{""$value"":""{brand.palettes.neutral.default.color.tone}"",""$type"":""color""},""opacity"":{""$value"":{""value"":0,""unit"":""percentage""},""$type"":""number""}}",STRING,false,true
elevations/elevation-1,Light,"{""x"":{""$value"":{""value"":0,""unit"":""px""},""$type"":""number""},""y"":{""$value"":{""value"":2,""unit"":""px""},""$type"":""number""},""blur"":{""$value"":{""value"":4,""unit"":""px""},""$type"":""number""},""spread"":{""$value"":{""value"":0,""unit"":""px""},""$type"":""number""},""color"":{""$value"":""{brand.palettes.neutral.default.color.tone}"",""$type"":""color""},""opacity"":{""$value"":{""value"":10,""unit"":""percentage""},""$type"":""number""}}",STRING,false,true
elevations/elevation-2,Light,"{""x"":{""$value"":{""value"":0,""unit"":""px""},""$type"":""number""},""y"":{""$value"":{""value"":4,""unit"":""px""},""$type"":""number""},""blur"":{""$value"":{""value"":8,""unit"":""px""},""$type"":""number""},""spread"":{""$value"":{""value"":0,""unit"":""px""},""$type"":""number""},""color"":{""$value"":""{brand.palettes.neutral.default.color.tone}"",""$type"":""color""},""opacity"":{""$value"":{""value"":10,""unit"":""percentage""},""$type"":""number""}}",STRING,false,true
elevations/elevation-3,Light,"{""x"":{""$value"":{""value"":0,""unit"":""px""},""$type"":""number""},""y"":{""$value"":{""value"":8,""unit"":""px""},""$type"":""number""},""blur"":{""$value"":{""value"":16,""unit"":""px""},""$type"":""number""},""spread"":{""$value"":{""value"":0,""unit"":""px""},""$type"":""number""},""color"":{""$value"":""{brand.palettes.neutral.default.color.tone}"",""$type"":""color""},""opacity"":{""$value"":{""value"":10,""unit"":""percentage""},""$type"":""number""}}",STRING,false,true
elevations/elevation-4,Light,"{""x"":{""$value"":{""value"":0,""unit"":""px""},""$type"":""number""},""y"":{""$value"":{""value"":12,""unit"":""px""},""$type"":""number""},""blur"":{""$value"":{""value"":24,""unit"":""px""},""$type"":""number""},""spread"":{""$value"":{""value"":0,""unit"":""px""},""$type"":""number""},""color"":{""$value"":""{brand.palettes.neutral.default.color.tone}"",""$type"":""color""},""opacity"":{""$value"":{""value"":10,""unit"":""percentage""},""$type"":""number""}}",STRING,false,true
layers/layer-0/elements/interactive/color,Dark,brand/palettes/palette-1/600/color/tone,COLOR,true,false
layers/layer-0/elements/interactive/hover-color,Dark,brand/palettes/palette-1/600/color/tone,COLOR,true,false
layers/layer-0/elements/text/warning,Dark,brand/palettes/core-colors/warning/tone,COLOR,true,false
layers/layer-0/elements/text/success,Dark,brand/palettes/core-colors/success/tone,COLOR,true,false
layers/layer-0/elements/text/color,Dark,brand/palettes/core-colors/white/tone,COLOR,true,false
layers/layer-0/elements/text/alert,Dark,brand/palettes/core-colors/alert/tone,COLOR,true,false
layers/layer-0/properties/elevation,Dark,brand/elevations/elevation-0,STRING,true,false
layers/layer-0/properties/surface,Dark,brand/palettes/neutral/000/color/tone,COLOR,true,false
layers/layer-0/properties/padding,Dark,tokens/sizes/3x,FLOAT,true,false
layers/layer-0/properties/border-color,Dark,brand/palettes/neutral/100/color/tone,COLOR,true,false
layers/layer-0/properties/border-radius,Dark,tokens/sizes/3x,FLOAT,true,false
layers/layer-0/properties/border-thickness,Dark,0,FLOAT,false,false
layers/layer-1/properties/border-thickness,Dark,2,FLOAT,false,false
layers/layer-1/properties/elevation,Dark,brand/elevations/elevation-0,STRING,true,false
layers/layer-1/properties/border-radius,Dark,tokens/sizes/3x,FLOAT,true,false
layers/layer-1/properties/border-color,Dark,brand/palettes/neutral/100/color/tone,COLOR,true,false
layers/layer-1/properties/surface,Dark,brand/palettes/neutral/050/color/tone,COLOR,true,false
layers/layer-1/properties/padding,Dark,tokens/sizes/3x,FLOAT,true,false
layers/layer-1/elements/text/warning,Dark,brand/palettes/core-colors/warning/tone,COLOR,true,false
layers/layer-1/elements/text/success,Dark,brand/palettes/core-colors/success/tone,COLOR,true,false
layers/layer-1/elements/text/alert,Dark,brand/palettes/core-colors/alert/tone,COLOR,true,false
layers/layer-1/elements/text/color,Dark,brand/palettes/neutral/050/color/on-tone,COLOR,true,false
layers/layer-1/elements/interactive/color,Dark,brand/palettes/palette-1/600/color/tone,COLOR,true,false
layers/layer-1/elements/interactive/hover-color,Dark,brand/palettes/palette-1/600/color/tone,COLOR,true,false
layers/layer-3/properties/elevation,Dark,brand/elevations/elevation-4,STRING,true,false
layers/layer-3/properties/border-radius,Dark,tokens/sizes/default,FLOAT,true,false
layers/layer-3/properties/surface,Dark,brand/palettes/neutral/200/color/tone,COLOR,true,false
layers/layer-3/properties/padding,Dark,tokens/sizes/2x,FLOAT,true,false
layers/layer-3/properties/border-color,Dark,brand/palettes/neutral/300/color/tone,COLOR,true,false
layers/layer-3/properties/border-thickness,Dark,0,FLOAT,false,false
layers/layer-3/elements/text/warning,Dark,brand/palettes/core-colors/warning/tone,COLOR,true,false
layers/layer-3/elements/text/success,Dark,brand/palettes/core-colors/success/tone,COLOR,true,false
layers/layer-3/elements/text/alert,Dark,brand/palettes/core-colors/alert/tone,COLOR,true,false
layers/layer-3/elements/text/color,Dark,brand/palettes/neutral/200/color/on-tone,COLOR,true,false
layers/layer-3/elements/interactive/color,Dark,brand/palettes/palette-1/700/color/tone,COLOR,true,false
layers/layer-3/elements/interactive/hover-color,Dark,brand/palettes/palette-1/600/color/tone,COLOR,true,false
layers/layer-2/elements/text/success,Dark,brand/palettes/core-colors/success/tone,COLOR,true,false
layers/layer-2/elements/text/alert,Dark,brand/palettes/core-colors/alert/tone,COLOR,true,false
layers/layer-2/elements/text/color,Dark,brand/palettes/neutral/100/color/on-tone,COLOR,true,false
layers/layer-2/elements/text/warning,Dark,brand/palettes/core-colors/warning/tone,COLOR,true,false
layers/layer-2/elements/interactive/color,Dark,brand/palettes/palette-1/700/color/tone,COLOR,true,false
layers/layer-2/elements/interactive/hover-color,Dark,brand/palettes/palette-1/600/color/tone,COLOR,true,false
layers/layer-2/properties/surface,Dark,brand/palettes/neutral/050/color/tone,COLOR,true,false
layers/layer-2/properties/padding,Dark,tokens/sizes/2x,FLOAT,true,false
layers/layer-2/properties/elevation,Dark,brand/elevations/elevation-2,STRING,true,false
layers/layer-2/properties/border-radius,Dark,tokens/sizes/2x,FLOAT,true,false
layers/layer-2/properties/border-color,Dark,brand/palettes/neutral/200/color/tone,COLOR,true,false
layers/layer-2/properties/border-thickness,Dark,0,FLOAT,false,false
states/disabled,Dark,tokens/opacities/ghost,FLOAT,true,false
states/hover,Dark,tokens/opacities/mist,FLOAT,true,false
states/overlay/color,Dark,brand/palettes/core-colors/white/tone,COLOR,true,false
states/overlay/opacity,Dark,tokens/opacities/ghost,FLOAT,true,false
text-emphasis/low,Dark,tokens/opacities/smoky,FLOAT,true,false
text-emphasis/high,Dark,tokens/opacities/solid,FLOAT,true,false
palettes/neutral/100/color/tone,Dark,tokens/colors/gray/800,COLOR,true,false
palettes/neutral/100/color/on-tone,Dark,brand/palettes/core-colors/white/on-tone,COLOR,true,false
palettes/neutral/200/color/tone,Dark,tokens/colors/gray/700,COLOR,true,false
palettes/neutral/200/color/on-tone,Dark,brand/palettes/core-colors/white/on-tone,COLOR,true,false
palettes/neutral/300/color/tone,Dark,tokens/colors/gray/600,COLOR,true,false
palettes/neutral/300/color/on-tone,Dark,brand/palettes/core-colors/white/on-tone,COLOR,true,false
palettes/neutral/400/color/tone,Dark,tokens/colors/gray/500,COLOR,true,false
palettes/neutral/400/color/on-tone,Dark,brand/palettes/core-colors/black/on-tone,COLOR,true,false
palettes/neutral/500/color/tone,Dark,tokens/colors/gray/400,COLOR,true,false
palettes/neutral/500/color/on-tone,Dark,brand/palettes/core-colors/black/on-tone,COLOR,true,false
palettes/neutral/600/color/tone,Dark,tokens/colors/gray/300,COLOR,true,false
palettes/neutral/600/color/on-tone,Dark,brand/palettes/core-colors/black/on-tone,COLOR,true,false
palettes/neutral/700/color/tone,Dark,tokens/colors/gray/200,COLOR,true,false
palettes/neutral/700/color/on-tone,Dark,brand/palettes/core-colors/black/on-tone,COLOR,true,false
palettes/neutral/800/color/tone,Dark,tokens/colors/gray/100,COLOR,true,false
palettes/neutral/800/color/on-tone,Dark,brand/palettes/core-colors/black/on-tone,COLOR,true,false
palettes/neutral/900/color/tone,Dark,tokens/colors/gray/050,COLOR,true,false
palettes/neutral/900/color/on-tone,Dark,brand/palettes/core-colors/black/on-tone,COLOR,true,false
palettes/neutral/1000/color/tone,Dark,tokens/colors/gray/000,COLOR,true,false
palettes/neutral/1000/color/on-tone,Dark,brand/palettes/core-colors/black/on-tone,COLOR,true,false
palettes/neutral/000/color/tone,Dark,tokens/colors/gray/1000,COLOR,true,false
palettes/neutral/000/color/on-tone,Dark,brand/palettes/core-colors/white/on-tone,COLOR,true,false
palettes/neutral/050/color/tone,Dark,tokens/colors/gray/900,COLOR,true,false
palettes/neutral/050/color/on-tone,Dark,brand/palettes/core-colors/white/on-tone,COLOR,true,false
palettes/neutral/default,Dark,brand/palettes/neutral/800/color/tone,COLOR,true,false
palettes/palette-1/100/color/tone,Dark,tokens/colors/salmon/800,COLOR,true,false
palettes/palette-1/100/color/on-tone,Dark,brand/palettes/core-colors/white/on-tone,COLOR,true,false
palettes/palette-1/200/color/tone,Dark,tokens/colors/salmon/700,COLOR,true,false
palettes/palette-1/200/color/on-tone,Dark,brand/palettes/core-colors/white/on-tone,COLOR,true,false
palettes/palette-1/300/color/tone,Dark,tokens/colors/salmon/600,COLOR,true,false
palettes/palette-1/300/color/on-tone,Dark,brand/palettes/core-colors/white/on-tone,COLOR,true,false
palettes/palette-1/400/color/tone,Dark,tokens/colors/salmon/500,COLOR,true,false
palettes/palette-1/400/color/on-tone,Dark,brand/palettes/core-colors/white/on-tone,COLOR,true,false
palettes/palette-1/500/color/tone,Dark,tokens/colors/salmon/400,COLOR,true,false
palettes/palette-1/500/color/on-tone,Dark,brand/palettes/core-colors/white/on-tone,COLOR,true,false
palettes/palette-1/600/color/tone,Dark,tokens/colors/salmon/300,COLOR,true,false
palettes/palette-1/600/color/on-tone,Dark,brand/palettes/core-colors/black/on-tone,COLOR,true,false
palettes/palette-1/700/color/tone,Dark,tokens/colors/salmon/200,COLOR,true,false
palettes/palette-1/700/color/on-tone,Dark,brand/palettes/core-colors/black/on-tone,COLOR,true,false
palettes/palette-1/800/color/tone,Dark,tokens/colors/salmon/100,COLOR,true,false
palettes/palette-1/800/color/on-tone,Dark,brand/palettes/core-colors/black/on-tone,COLOR,true,false
palettes/palette-1/900/color/tone,Dark,tokens/colors/salmon/050,COLOR,true,false
palettes/palette-1/900/color/on-tone,Dark,brand/palettes/core-colors/black/on-tone,COLOR,true,false
palettes/palette-1/1000/color/tone,Dark,tokens/colors/salmon/000,COLOR,true,false
palettes/palette-1/1000/color/on-tone,Dark,brand/palettes/core-colors/black/on-tone,COLOR,true,false
palettes/palette-1/000/color/tone,Dark,tokens/colors/salmon/1000,COLOR,true,false
palettes/palette-1/000/color/on-tone,Dark,brand/palettes/core-colors/white/on-tone,COLOR,true,false
palettes/palette-1/050/color/tone,Dark,tokens/colors/salmon/900,COLOR,true,false
palettes/palette-1/050/color/on-tone,Dark,brand/palettes/core-colors/white/on-tone,COLOR,true,false
palettes/palette-1/default,Dark,brand/palettes/palette-1/600/color/tone,COLOR,true,false
palettes/palette-2/100/color/tone,Dark,tokens/colors/cornflower/800,COLOR,true,false
palettes/palette-2/100/color/on-tone,Dark,brand/palettes/core-colors/white/on-tone,COLOR,true,false
palettes/palette-2/200/color/tone,Dark,tokens/colors/cornflower/700,COLOR,true,false
palettes/palette-2/200/color/on-tone,Dark,brand/palettes/core-colors/white/on-tone,COLOR,true,false
palettes/palette-2/300/color/tone,Dark,tokens/colors/cornflower/600,COLOR,true,false
palettes/palette-2/300/color/on-tone,Dark,brand/palettes/core-colors/white/on-tone,COLOR,true,false
palettes/palette-2/400/color/tone,Dark,tokens/colors/cornflower/500,COLOR,true,false
palettes/palette-2/400/color/on-tone,Dark,brand/palettes/core-colors/white/on-tone,COLOR,true,false
palettes/palette-2/500/color/tone,Dark,tokens/colors/cornflower/400,COLOR,true,false
palettes/palette-2/500/color/on-tone,Dark,brand/palettes/core-colors/white/on-tone,COLOR,true,false
palettes/palette-2/600/color/tone,Dark,tokens/colors/cornflower/300,COLOR,true,false
palettes/palette-2/600/color/on-tone,Dark,brand/palettes/core-colors/black/on-tone,COLOR,true,false
palettes/palette-2/700/color/tone,Dark,tokens/colors/cornflower/200,COLOR,true,false
palettes/palette-2/700/color/on-tone,Dark,brand/palettes/core-colors/black/on-tone,COLOR,true,false
palettes/palette-2/800/color/tone,Dark,tokens/colors/cornflower/100,COLOR,true,false
palettes/palette-2/800/color/on-tone,Dark,brand/palettes/core-colors/black/on-tone,COLOR,true,false
palettes/palette-2/900/color/tone,Dark,tokens/colors/cornflower/050,COLOR,true,false
palettes/palette-2/900/color/on-tone,Dark,brand/palettes/core-colors/black/on-tone,COLOR,true,false
palettes/palette-2/1000/color/tone,Dark,tokens/colors/cornflower/000,COLOR,true,false
palettes/palette-2/1000/color/on-tone,Dark,brand/palettes/core-colors/black/on-tone,COLOR,true,false
palettes/palette-2/000/color/tone,Dark,tokens/colors/cornflower/1000,COLOR,true,false
palettes/palette-2/000/color/on-tone,Dark,brand/palettes/core-colors/white/on-tone,COLOR,true,false
palettes/palette-2/050/color/tone,Dark,tokens/colors/cornflower/900,COLOR,true,false
palettes/palette-2/050/color/on-tone,Dark,brand/palettes/core-colors/white/on-tone,COLOR,true,false
palettes/palette-2/default,Dark,brand/palettes/palette-2/600/color/tone,COLOR,true,false
palettes/core-colors/black/tone,Dark,tokens/colors/gray/1000,COLOR,true,false
palettes/core-colors/black/on-tone,Dark,brand/palettes/core-colors/white/on-tone,COLOR,true,false
palettes/core-colors/black/interactive,Dark,tokens/colors/mandy/300,COLOR,true,false
palettes/core-colors/white/tone,Dark,tokens/colors/gray/000,COLOR,true,false
palettes/core-colors/white/on-tone,Dark,brand/palettes/core-colors/black/on-tone,COLOR,true,false
palettes/core-colors/white/interactive,Dark,tokens/colors/mandy/500,COLOR,true,false
palettes/core-colors/alert/tone,Dark,tokens/colors/mandy/400,COLOR,true,false
palettes/core-colors/alert/on-tone,Dark,brand/palettes/core-colors/white/on-tone,COLOR,true,false
palettes/core-colors/alert/interactive,Dark,brand/palettes/core-colors/white/tone,COLOR,true,false
palettes/core-colors/success/tone,Dark,tokens/colors/greensheen/400,COLOR,true,false
palettes/core-colors/success/on-tone,Dark,brand/palettes/core-colors/white/on-tone,COLOR,true,false
palettes/core-colors/success/interactive,Dark,tokens/colors/mandy/900,COLOR,true,false
palettes/core-colors/warning/tone,Dark,tokens/colors/mandarin/400,COLOR,true,false
palettes/core-colors/warning/on-tone,Dark,tokens/colors/mandy/900,COLOR,true,false
palettes/core-colors/warning/interactive,Dark,tokens/colors/mandy/800,COLOR,true,false
palettes/core-colors/interactive/default/tone,Dark,tokens/colors/mandy/400,COLOR,true,false
palettes/core-colors/interactive/default/on-tone,Dark,brand/palettes/core-colors/white/on-tone,COLOR,true,false
palettes/core-colors/interactive/hover/tone,Dark,tokens/colors/mandy/300,COLOR,true,false
palettes/core-colors/interactive/hover/on-tone,Dark,brand/palettes/core-colors/white/on-tone,COLOR,true,false
elevations/elevation-0,Dark,"{""x"":{""$value"":{""value"":0,""unit"":""px""},""$type"":""number""},""y"":{""$value"":{""value"":0,""unit"":""px""},""$type"":""number""},""blur"":{""$value"":{""value"":0,""unit"":""px""},""$type"":""number""},""spread"":{""$value"":{""value"":0,""unit"":""px""},""$type"":""number""},""color"":{""$value"":""{brand.palettes.neutral.default.color.tone}"",""$type"":""color""},""opacity"":{""$value"":{""value"":10,""unit"":""percentage""},""$type"":""number""}}",STRING,false,false
elevations/elevation-1,Dark,"{""x"":{""$value"":{""value"":0,""unit"":""px""},""$type"":""number""},""y"":{""$value"":{""value"":1,""unit"":""px""},""$type"":""number""},""blur"":{""$value"":{""value"":3,""unit"":""px""},""$type"":""number""},""spread"":{""$value"":{""value"":0,""unit"":""px""},""$type"":""number""},""color"":{""$value"":""{brand.palettes.neutral.default.color.tone}"",""$type"":""color""},""opacity"":{""$value"":{""value"":10,""unit"":""percentage""},""$type"":""number""}}",STRING,false,false
elevations/elevation-2,Dark,"{""x"":{""$value"":{""value"":0,""unit"":""px""},""$type"":""number""},""y"":{""$value"":{""value"":2,""unit"":""px""},""$type"":""number""},""blur"":{""$value"":{""value"":6,""unit"":""px""},""$type"":""number""},""spread"":{""$value"":{""value"":0,""unit"":""px""},""$type"":""number""},""color"":{""$value"":""{brand.palettes.neutral.default.color.tone}"",""$type"":""color""},""opacity"":{""$value"":{""value"":10,""unit"":""percentage""},""$type"":""number""}}",STRING,false,false
elevations/elevation-3,Dark,"{""x"":{""$value"":{""value"":0,""unit"":""px""},""$type"":""number""},""y"":{""$value"":{""value"":4,""unit"":""px""},""$type"":""number""},""blur"":{""$value"":{""value"":12,""unit"":""px""},""$type"":""number""},""spread"":{""$value"":{""value"":0,""unit"":""px""},""$type"":""number""},""color"":{""$value"":""{brand.palettes.neutral.default.color.tone}"",""$type"":""color""},""opacity"":{""$value"":{""value"":10,""unit"":""percentage""},""$type"":""number""}}",STRING,false,false
elevations/elevation-4,Dark,"{""x"":{""$value"":{""value"":0,""unit"":""px""},""$type"":""number""},""y"":{""$value"":{""value"":8,""unit"":""px""},""$type"":""number""},""blur"":{""$value"":{""value"":24,""unit"":""px""},""$type"":""number""},""spread"":{""$value"":{""value"":0,""unit"":""px""},""$type"":""number""},""color"":{""$value"":""{brand.palettes.neutral.default.color.tone}"",""$type"":""color""},""opacity"":{""$value"":{""value"":10,""unit"":""percentage""},""$type"":""number""}}",STRING,false,false
layout-grids/tablet/max-width,Light,810,FLOAT,false,true
layout-grids/tablet/columns,Light,6,FLOAT,false,true
layout-grids/tablet/gutter,Light,brand/dimensions/gutters/horizontal,FLOAT,true,true
layout-grids/mobile/max-width,Light,480,FLOAT,false,true
layout-grids/mobile/gutter,Light,brand/dimensions/gutters/horizontal,FLOAT,true,true
layout-grids/mobile/columns,Light,4,FLOAT,false,true
layout-grids/desktop/max-width,Light,1280,FLOAT,false,true
layout-grids/desktop/gutter,Light,brand/dimensions/gutters/horizontal,FLOAT,true,true
layout-grids/desktop/columns,Light,6,FLOAT,false,true
layout-grids/tablet/max-width,Dark,810,FLOAT,false,false
layout-grids/tablet/columns,Dark,6,FLOAT,false,false
layout-grids/tablet/gutter,Dark,brand/dimensions/gutters/horizontal,FLOAT,true,false
layout-grids/mobile/max-width,Dark,480,FLOAT,false,false
layout-grids/mobile/gutter,Dark,brand/dimensions/gutters/horizontal,FLOAT,true,false
layout-grids/mobile/columns,Dark,4,FLOAT,false,false
layout-grids/desktop/max-width,Dark,1280,FLOAT,false,false
layout-grids/desktop/gutter,Dark,brand/dimensions/gutters/horizontal,FLOAT,true,false
layout-grids/desktop/columns,Dark,6,FLOAT,false,false
dimensions/icons/sm,Light,tokens/sizes/2x,FLOAT,true,true
dimensions/icons/lg,Light,tokens/sizes/4x,FLOAT,true,true
dimensions/icons/default,Light,tokens/sizes/3x,FLOAT,true,true
dimensions/icons/xs,Light,tokens/sizes/1-5x,FLOAT,true,true
dimensions/gutters/horizontal,Light,tokens/sizes/2x,FLOAT,true,true
dimensions/gutters/vertical,Light,tokens/sizes/3x,FLOAT,true,true
dimensions/border-radii/none,Light,tokens/sizes/none,FLOAT,true,true
dimensions/border-radii/sm,Light,tokens/sizes/0-5x,FLOAT,true,true
dimensions/border-radii/default,Light,tokens/sizes/default,FLOAT,true,true
dimensions/border-radii/lg,Light,tokens/sizes/2x,FLOAT,true,true
dimensions/border-radii/xl,Light,tokens/sizes/3x,FLOAT,true,true
dimensions/border-radii/2xl,Light,tokens/sizes/4x,FLOAT,true,true
dimensions/general/none,Light,tokens/sizes/none,FLOAT,true,true
dimensions/general/sm,Light,tokens/sizes/0-5x,FLOAT,true,true
dimensions/general/md,Light,tokens/sizes/1-5x,FLOAT,true,true
dimensions/general/default,Light,tokens/sizes/default,FLOAT,true,true
dimensions/general/lg,Light,tokens/sizes/2x,FLOAT,true,true
dimensions/general/xl,Light,tokens/sizes/3x,FLOAT,true,true
dimensions/general/2xl,Light,tokens/sizes/4x,FLOAT,true,true
dimensions/text-size/2xs,Light,tokens/font/sizes/2xs,FLOAT,true,true
dimensions/text-size/xs,Light,tokens/font/sizes/xs,FLOAT,true,true
dimensions/text-size/sm,Light,tokens/font/sizes/sm,FLOAT,true,true
dimensions/text-size/default,Light,tokens/font/sizes/md,FLOAT,true,true
dimensions/text-size/md,Light,tokens/font/sizes/md,FLOAT,true,true
dimensions/text-size/lg,Light,tokens/font/sizes/lg,FLOAT,true,true
dimensions/text-size/xl,Light,tokens/font/sizes/xl,FLOAT,true,true
dimensions/text-size/2xl,Light,tokens/font/sizes/2xl,FLOAT,true,true
dimensions/text-size/3xl,Light,tokens/font/sizes/3xl,FLOAT,true,true
dimensions/text-size/4xl,Light,tokens/font/sizes/4xl,FLOAT,true,true
dimensions/text-size/5xl,Light,tokens/font/sizes/5xl,FLOAT,true,true
dimensions/text-size/6xl,Light,tokens/font/sizes/6xl,FLOAT,true,true
dimensions/icons/sm,Dark,tokens/sizes/2x,FLOAT,true,false
dimensions/icons/lg,Dark,tokens/sizes/4x,FLOAT,true,false
dimensions/icons/default,Dark,tokens/sizes/3x,FLOAT,true,false
dimensions/icons/xs,Dark,tokens/sizes/1-5x,FLOAT,true,false
dimensions/gutters/horizontal,Dark,tokens/sizes/2x,FLOAT,true,false
dimensions/gutters/vertical,Dark,tokens/sizes/3x,FLOAT,true,false
dimensions/border-radii/none,Dark,tokens/sizes/none,FLOAT,true,false
dimensions/border-radii/sm,Dark,tokens/sizes/0-5x,FLOAT,true,false
dimensions/border-radii/default,Dark,tokens/sizes/default,FLOAT,true,false
dimensions/border-radii/lg,Dark,tokens/sizes/2x,FLOAT,true,false
dimensions/border-radii/xl,Dark,tokens/sizes/3x,FLOAT,true,false
dimensions/border-radii/2xl,Dark,tokens/sizes/4x,FLOAT,true,false
dimensions/general/none,Dark,tokens/sizes/none,FLOAT,true,false
dimensions/general/sm,Dark,tokens/sizes/0-5x,FLOAT,true,false
dimensions/general/md,Dark,tokens/sizes/1-5x,FLOAT,true,false
dimensions/general/default,Dark,tokens/sizes/default,FLOAT,true,false
dimensions/general/lg,Dark,tokens/sizes/2x,FLOAT,true,false
dimensions/general/xl,Dark,tokens/sizes/3x,FLOAT,true,false
dimensions/general/2xl,Dark,tokens/sizes/4x,FLOAT,true,false
dimensions/text-size/2xs,Dark,tokens/font/sizes/2xs,FLOAT,true,false
dimensions/text-size/xs,Dark,tokens/font/sizes/xs,FLOAT,true,false
dimensions/text-size/sm,Dark,tokens/font/sizes/sm,FLOAT,true,false
dimensions/text-size/default,Dark,tokens/font/sizes/md,FLOAT,true,false
dimensions/text-size/md,Dark,tokens/font/sizes/md,FLOAT,true,false
dimensions/text-size/lg,Dark,tokens/font/sizes/lg,FLOAT,true,false
dimensions/text-size/xl,Dark,tokens/font/sizes/xl,FLOAT,true,false
dimensions/text-size/2xl,Dark,tokens/font/sizes/2xl,FLOAT,true,false
dimensions/text-size/3xl,Dark,tokens/font/sizes/3xl,FLOAT,true,false
dimensions/text-size/4xl,Dark,tokens/font/sizes/4xl,FLOAT,true,false
dimensions/text-size/5xl,Dark,tokens/font/sizes/5xl,FLOAT,true,false
dimensions/text-size/6xl,Dark,tokens/font/sizes/6xl,FLOAT,true,false
typography/h1,Light,"{""fontFamily"":""{tokens.font.typefaces.primary}"",""fontSize"":""{tokens.font.sizes.6xl}"",""fontWeight"":""{tokens.font.weights.bold}"",""fontStyle"":""{tokens.font.styles.normal}"",""letterSpacing"":""{tokens.font.letter-spacings.default}"",""lineHeight"":""{tokens.font.line-heights.default}"",""textCase"":""{tokens.font.cases.original}"",""textDecoration"":""{tokens.font.decorations.none}""}",STRING,false,true
typography/h1/font-family,Light,tokens/font/typefaces/primary,STRING,true,true
typography/h1/font-size,Light,tokens/font/sizes/6xl,STRING,true,true
typography/h1/font-weight,Light,tokens/font/weights/bold,STRING,true,true
typography/h1/font-style,Light,tokens/font/styles/normal,STRING,true,true
typography/h1/letter-spacing,Light,tokens/font/letter-spacings/default,STRING,true,true
typography/h1/line-height,Light,tokens/font/line-heights/default,STRING,true,true
typography/h1/text-case,Light,tokens/font/cases/original,STRING,true,true
typography/h1/text-decoration,Light,tokens/font/decorations/none,STRING,true,true
typography/h2,Light,"{""fontFamily"":""{tokens.font.typefaces.primary}"",""fontSize"":""{tokens.font.sizes.5xl}"",""fontWeight"":""{tokens.font.weights.semi-bold}"",""fontStyle"":""{tokens.font.styles.normal}"",""letterSpacing"":""{tokens.font.letter-spacings.default}"",""lineHeight"":""{tokens.font.line-heights.default}"",""textCase"":""{tokens.font.cases.original}"",""textDecoration"":""{tokens.font.decorations.none}""}",STRING,false,true
typography/h2/font-family,Light,tokens/font/typefaces/primary,STRING,true,true
typography/h2/font-size,Light,tokens/font/sizes/5xl,STRING,true,true
typography/h2/font-weight,Light,tokens/font/weights/semi-bold,STRING,true,true
typography/h2/font-style,Light,tokens/font/styles/normal,STRING,true,true
typography/h2/letter-spacing,Light,tokens/font/letter-spacings/default,STRING,true,true
typography/h2/line-height,Light,tokens/font/line-heights/default,STRING,true,true
typography/h2/text-case,Light,tokens/font/cases/original,STRING,true,true
typography/h2/text-decoration,Light,tokens/font/decorations/none,STRING,true,true
typography/h3,Light,"{""fontFamily"":""{tokens.font.typefaces.primary}"",""fontSize"":""{tokens.font.sizes.4xl}"",""fontWeight"":""{tokens.font.weights.regular}"",""fontStyle"":""{tokens.font.styles.normal}"",""letterSpacing"":""{tokens.font.letter-spacings.default}"",""lineHeight"":""{tokens.font.line-heights.default}"",""textCase"":""{tokens.font.cases.original}"",""textDecoration"":""{tokens.font.decorations.none}""}",STRING,false,true
typography/h3/font-family,Light,tokens/font/typefaces/primary,STRING,true,true
typography/h3/font-size,Light,tokens/font/sizes/4xl,STRING,true,true
typography/h3/font-weight,Light,tokens/font/weights/regular,STRING,true,true
typography/h3/font-style,Light,tokens/font/styles/normal,STRING,true,true
typography/h3/letter-spacing,Light,tokens/font/letter-spacings/default,STRING,true,true
typography/h3/line-height,Light,tokens/font/line-heights/default,STRING,true,true
typography/h3/text-case,Light,tokens/font/cases/original,STRING,true,true
typography/h3/text-decoration,Light,tokens/font/decorations/none,STRING,true,true
typography/h4,Light,"{""fontFamily"":""{tokens.font.typefaces.primary}"",""fontSize"":""{tokens.font.sizes.3xl}"",""fontWeight"":""{tokens.font.weights.bold}"",""fontStyle"":""{tokens.font.styles.normal}"",""letterSpacing"":""{tokens.font.letter-spacings.default}"",""lineHeight"":""{tokens.font.line-heights.default}"",""textCase"":""{tokens.font.cases.original}"",""textDecoration"":""{tokens.font.decorations.none}""}",STRING,false,true
typography/h4/font-family,Light,tokens/font/typefaces/primary,STRING,true,true
typography/h4/font-size,Light,tokens/font/sizes/3xl,STRING,true,true
typography/h4/font-weight,Light,tokens/font/weights/bold,STRING,true,true
typography/h4/font-style,Light,tokens/font/styles/normal,STRING,true,true
typography/h4/letter-spacing,Light,tokens/font/letter-spacings/default,STRING,true,true
typography/h4/line-height,Light,tokens/font/line-heights/default,STRING,true,true
typography/h4/text-case,Light,tokens/font/cases/original,STRING,true,true
typography/h4/text-decoration,Light,tokens/font/decorations/none,STRING,true,true
typography/h5,Light,"{""fontFamily"":""{tokens.font.typefaces.primary}"",""fontSize"":""{tokens.font.sizes.2xl}"",""fontWeight"":""{tokens.font.weights.medium}"",""fontStyle"":""{tokens.font.styles.normal}"",""letterSpacing"":""{tokens.font.letter-spacings.default}"",""lineHeight"":""{tokens.font.line-heights.default}"",""textCase"":""{tokens.font.cases.original}"",""textDecoration"":""{tokens.font.decorations.none}""}",STRING,false,true
typography/h5/font-family,Light,tokens/font/typefaces/primary,STRING,true,true
typography/h5/font-size,Light,tokens/font/sizes/2xl,STRING,true,true
typography/h5/font-weight,Light,tokens/font/weights/medium,STRING,true,true
typography/h5/font-style,Light,tokens/font/styles/normal,STRING,true,true
typography/h5/letter-spacing,Light,tokens/font/letter-spacings/default,STRING,true,true
typography/h5/line-height,Light,tokens/font/line-heights/default,STRING,true,true
typography/h5/text-case,Light,tokens/font/cases/original,STRING,true,true
typography/h5/text-decoration,Light,tokens/font/decorations/none,STRING,true,true
typography/h6,Light,"{""fontFamily"":""{tokens.font.typefaces.primary}"",""fontSize"":""{tokens.font.sizes.xl}"",""fontWeight"":""{tokens.font.weights.regular}"",""fontStyle"":""{tokens.font.styles.normal}"",""letterSpacing"":""{tokens.font.letter-spacings.default}"",""lineHeight"":""{tokens.font.line-heights.default}"",""textCase"":""{tokens.font.cases.original}"",""textDecoration"":""{tokens.font.decorations.none}""}",STRING,false,true
typography/h6/font-family,Light,tokens/font/typefaces/primary,STRING,true,true
typography/h6/font-size,Light,tokens/font/sizes/xl,STRING,true,true
typography/h6/font-weight,Light,tokens/font/weights/regular,STRING,true,true
typography/h6/font-style,Light,tokens/font/styles/normal,STRING,true,true
typography/h6/letter-spacing,Light,tokens/font/letter-spacings/default,STRING,true,true
typography/h6/line-height,Light,tokens/font/line-heights/default,STRING,true,true
typography/h6/text-case,Light,tokens/font/cases/original,STRING,true,true
typography/h6/text-decoration,Light,tokens/font/decorations/none,STRING,true,true
typography/subtitle,Light,"{""fontFamily"":""{tokens.font.typefaces.secondary}"",""fontSize"":""{tokens.font.sizes.lg}"",""fontWeight"":""{tokens.font.weights.light}"",""fontStyle"":""{tokens.font.styles.normal}"",""letterSpacing"":""{tokens.font.letter-spacings.default}"",""lineHeight"":""{tokens.font.line-heights.default}"",""textCase"":""{tokens.font.cases.original}"",""textDecoration"":""{tokens.font.decorations.none}""}",STRING,false,true
typography/subtitle/font-family,Light,tokens/font/typefaces/secondary,STRING,true,true
typography/subtitle/font-size,Light,tokens/font/sizes/lg,STRING,true,true
typography/subtitle/font-weight,Light,tokens/font/weights/light,STRING,true,true
typography/subtitle/font-style,Light,tokens/font/styles/normal,STRING,true,true
typography/subtitle/letter-spacing,Light,tokens/font/letter-spacings/default,STRING,true,true
typography/subtitle/line-height,Light,tokens/font/line-heights/default,STRING,true,true
typography/subtitle/text-case,Light,tokens/font/cases/original,STRING,true,true
typography/subtitle/text-decoration,Light,tokens/font/decorations/none,STRING,true,true
typography/subtitle-small,Light,"{""fontFamily"":""{tokens.font.typefaces.secondary}"",""fontSize"":""{tokens.font.sizes.md}"",""fontWeight"":""{tokens.font.weights.bold}"",""fontStyle"":""{tokens.font.styles.normal}"",""letterSpacing"":""{tokens.font.letter-spacings.default}"",""lineHeight"":""{tokens.font.line-heights.default}"",""textCase"":""{tokens.font.cases.original}"",""textDecoration"":""{tokens.font.decorations.none}""}",STRING,false,true
typography/subtitle-small/font-family,Light,tokens/font/typefaces/secondary,STRING,true,true
typography/subtitle-small/font-size,Light,tokens/font/sizes/md,STRING,true,true
typography/subtitle-small/font-weight,Light,tokens/font/weights/bold,STRING,true,true
typography/subtitle-small/font-style,Light,tokens/font/styles/normal,STRING,true,true
typography/subtitle-small/letter-spacing,Light,tokens/font/letter-spacings/default,STRING,true,true
typography/subtitle-small/line-height,Light,tokens/font/line-heights/default,STRING,true,true
typography/subtitle-small/text-case,Light,tokens/font/cases/original,STRING,true,true
typography/subtitle-small/text-decoration,Light,tokens/font/decorations/none,STRING,true,true
typography/body,Light,"{""fontFamily"":""{tokens.font.typefaces.secondary}"",""fontSize"":""{tokens.font.sizes.md}"",""fontWeight"":""{tokens.font.weights.regular}"",""fontStyle"":""{tokens.font.styles.normal}"",""letterSpacing"":""{tokens.font.letter-spacings.default}"",""lineHeight"":""{tokens.font.line-heights.default}"",""textCase"":""{tokens.font.cases.original}"",""textDecoration"":""{tokens.font.decorations.none}""}",STRING,false,true
typography/body/font-family,Light,tokens/font/typefaces/secondary,STRING,true,true
typography/body/font-size,Light,tokens/font/sizes/md,STRING,true,true
typography/body/font-weight,Light,tokens/font/weights/regular,STRING,true,true
typography/body/font-style,Light,tokens/font/styles/normal,STRING,true,true
typography/body/letter-spacing,Light,tokens/font/letter-spacings/default,STRING,true,true
typography/body/line-height,Light,tokens/font/line-heights/default,STRING,true,true
typography/body/text-case,Light,tokens/font/cases/original,STRING,true,true
typography/body/text-decoration,Light,tokens/font/decorations/none,STRING,true,true
typography/body-small,Light,"{""fontFamily"":""{tokens.font.typefaces.secondary}"",""fontSize"":""{tokens.font.sizes.sm}"",""fontWeight"":""{tokens.font.weights.regular}"",""fontStyle"":""{tokens.font.styles.normal}"",""letterSpacing"":""{tokens.font.letter-spacings.wide}"",""lineHeight"":""{tokens.font.line-heights.default}"",""textCase"":""{tokens.font.cases.original}"",""textDecoration"":""{tokens.font.decorations.none}""}",STRING,false,true
typography/body-small/font-family,Light,tokens/font/typefaces/secondary,STRING,true,true
typography/body-small/font-size,Light,tokens/font/sizes/sm,STRING,true,true
typography/body-small/font-weight,Light,tokens/font/weights/regular,STRING,true,true
typography/body-small/font-style,Light,tokens/font/styles/normal,STRING,true,true
typography/body-small/letter-spacing,Light,tokens/font/letter-spacings/wide,STRING,true,true
typography/body-small/line-height,Light,tokens/font/line-heights/default,STRING,true,true
typography/body-small/text-case,Light,tokens/font/cases/original,STRING,true,true
typography/body-small/text-decoration,Light,tokens/font/decorations/none,STRING,true,true
typography/caption,Light,"{""fontFamily"":""{tokens.font.typefaces.primary}"",""fontSize"":""{tokens.font.sizes.xs}"",""fontWeight"":""{tokens.font.weights.regular}"",""fontStyle"":""{tokens.font.styles.normal}"",""letterSpacing"":""{tokens.font.letter-spacings.wide}"",""lineHeight"":""{tokens.font.line-heights.default}"",""textCase"":""{tokens.font.cases.original}"",""textDecoration"":""{tokens.font.decorations.none}""}",STRING,false,true
typography/caption/font-family,Light,tokens/font/typefaces/primary,STRING,true,true
typography/caption/font-size,Light,tokens/font/sizes/xs,STRING,true,true
typography/caption/font-weight,Light,tokens/font/weights/regular,STRING,true,true
typography/caption/font-style,Light,tokens/font/styles/normal,STRING,true,true
typography/caption/letter-spacing,Light,tokens/font/letter-spacings/wide,STRING,true,true
typography/caption/line-height,Light,tokens/font/line-heights/default,STRING,true,true
typography/caption/text-case,Light,tokens/font/cases/original,STRING,true,true
typography/caption/text-decoration,Light,tokens/font/decorations/none,STRING,true,true
typography/overline,Light,"{""fontFamily"":""{tokens.font.typefaces.primary}"",""fontSize"":""{tokens.font.sizes.2xs}"",""fontWeight"":""{tokens.font.weights.medium}"",""fontStyle"":""{tokens.font.styles.normal}"",""letterSpacing"":""{tokens.font.letter-spacings.wide}"",""lineHeight"":""{tokens.font.line-heights.default}"",""textCase"":""{tokens.font.cases.uppercase}"",""textDecoration"":""{tokens.font.decorations.none}""}",STRING,false,true
typography/overline/font-family,Light,tokens/font/typefaces/primary,STRING,true,true
typography/overline/font-size,Light,tokens/font/sizes/2xs,STRING,true,true
typography/overline/font-weight,Light,tokens/font/weights/medium,STRING,true,true
typography/overline/font-style,Light,tokens/font/styles/normal,STRING,true,true
typography/overline/letter-spacing,Light,tokens/font/letter-spacings/wide,STRING,true,true
typography/overline/line-height,Light,tokens/font/line-heights/default,STRING,true,true
typography/overline/text-case,Light,tokens/font/cases/uppercase,STRING,true,true
typography/overline/text-decoration,Light,tokens/font/decorations/none,STRING,true,true
typography/h1,Dark,"{""fontFamily"":""{tokens.font.typefaces.primary}"",""fontSize"":""{tokens.font.sizes.6xl}"",""fontWeight"":""{tokens.font.weights.bold}"",""fontStyle"":""{tokens.font.styles.normal}"",""letterSpacing"":""{tokens.font.letter-spacings.default}"",""lineHeight"":""{tokens.font.line-heights.default}"",""textCase"":""{tokens.font.cases.original}"",""textDecoration"":""{tokens.font.decorations.none}""}",STRING,false,false
typography/h1/font-family,Dark,tokens/font/typefaces/primary,STRING,true,false
typography/h1/font-size,Dark,tokens/font/sizes/6xl,STRING,true,false
typography/h1/font-weight,Dark,tokens/font/weights/bold,STRING,true,false
typography/h1/font-style,Dark,tokens/font/styles/normal,STRING,true,false
typography/h1/letter-spacing,Dark,tokens/font/letter-spacings/default,STRING,true,false
typography/h1/line-height,Dark,tokens/font/line-heights/default,STRING,true,false
typography/h1/text-case,Dark,tokens/font/cases/original,STRING,true,false
typography/h1/text-decoration,Dark,tokens/font/decorations/none,STRING,true,false
typography/h2,Dark,"{""fontFamily"":""{tokens.font.typefaces.primary}"",""fontSize"":""{tokens.font.sizes.5xl}"",""fontWeight"":""{tokens.font.weights.semi-bold}"",""fontStyle"":""{tokens.font.styles.normal}"",""letterSpacing"":""{tokens.font.letter-spacings.default}"",""lineHeight"":""{tokens.font.line-heights.default}"",""textCase"":""{tokens.font.cases.original}"",""textDecoration"":""{tokens.font.decorations.none}""}",STRING,false,false
typography/h2/font-family,Dark,tokens/font/typefaces/primary,STRING,true,false
typography/h2/font-size,Dark,tokens/font/sizes/5xl,STRING,true,false
typography/h2/font-weight,Dark,tokens/font/weights/semi-bold,STRING,true,false
typography/h2/font-style,Dark,tokens/font/styles/normal,STRING,true,false
typography/h2/letter-spacing,Dark,tokens/font/letter-spacings/default,STRING,true,false
typography/h2/line-height,Dark,tokens/font/line-heights/default,STRING,true,false
typography/h2/text-case,Dark,tokens/font/cases/original,STRING,true,false
typography/h2/text-decoration,Dark,tokens/font/decorations/none,STRING,true,false
typography/h3,Dark,"{""fontFamily"":""{tokens.font.typefaces.primary}"",""fontSize"":""{tokens.font.sizes.4xl}"",""fontWeight"":""{tokens.font.weights.regular}"",""fontStyle"":""{tokens.font.styles.normal}"",""letterSpacing"":""{tokens.font.letter-spacings.default}"",""lineHeight"":""{tokens.font.line-heights.default}"",""textCase"":""{tokens.font.cases.original}"",""textDecoration"":""{tokens.font.decorations.none}""}",STRING,false,false
typography/h3/font-family,Dark,tokens/font/typefaces/primary,STRING,true,false
typography/h3/font-size,Dark,tokens/font/sizes/4xl,STRING,true,false
typography/h3/font-weight,Dark,tokens/font/weights/regular,STRING,true,false
typography/h3/font-style,Dark,tokens/font/styles/normal,STRING,true,false
typography/h3/letter-spacing,Dark,tokens/font/letter-spacings/default,STRING,true,false
typography/h3/line-height,Dark,tokens/font/line-heights/default,STRING,true,false
typography/h3/text-case,Dark,tokens/font/cases/original,STRING,true,false
typography/h3/text-decoration,Dark,tokens/font/decorations/none,STRING,true,false
typography/h4,Dark,"{""fontFamily"":""{tokens.font.typefaces.primary}"",""fontSize"":""{tokens.font.sizes.3xl}"",""fontWeight"":""{tokens.font.weights.bold}"",""fontStyle"":""{tokens.font.styles.normal}"",""letterSpacing"":""{tokens.font.letter-spacings.default}"",""lineHeight"":""{tokens.font.line-heights.default}"",""textCase"":""{tokens.font.cases.original}"",""textDecoration"":""{tokens.font.decorations.none}""}",STRING,false,false
typography/h4/font-family,Dark,tokens/font/typefaces/primary,STRING,true,false
typography/h4/font-size,Dark,tokens/font/sizes/3xl,STRING,true,false
typography/h4/font-weight,Dark,tokens/font/weights/bold,STRING,true,false
typography/h4/font-style,Dark,tokens/font/styles/normal,STRING,true,false
typography/h4/letter-spacing,Dark,tokens/font/letter-spacings/default,STRING,true,false
typography/h4/line-height,Dark,tokens/font/line-heights/default,STRING,true,false
typography/h4/text-case,Dark,tokens/font/cases/original,STRING,true,false
typography/h4/text-decoration,Dark,tokens/font/decorations/none,STRING,true,false
typography/h5,Dark,"{""fontFamily"":""{tokens.font.typefaces.primary}"",""fontSize"":""{tokens.font.sizes.2xl}"",""fontWeight"":""{tokens.font.weights.medium}"",""fontStyle"":""{tokens.font.styles.normal}"",""letterSpacing"":""{tokens.font.letter-spacings.default}"",""lineHeight"":""{tokens.font.line-heights.default}"",""textCase"":""{tokens.font.cases.original}"",""textDecoration"":""{tokens.font.decorations.none}""}",STRING,false,false
typography/h5/font-family,Dark,tokens/font/typefaces/primary,STRING,true,false
typography/h5/font-size,Dark,tokens/font/sizes/2xl,STRING,true,false
typography/h5/font-weight,Dark,tokens/font/weights/medium,STRING,true,false
typography/h5/font-style,Dark,tokens/font/styles/normal,STRING,true,false
typography/h5/letter-spacing,Dark,tokens/font/letter-spacings/default,STRING,true,false
typography/h5/line-height,Dark,tokens/font/line-heights/default,STRING,true,false
typography/h5/text-case,Dark,tokens/font/cases/original,STRING,true,false
typography/h5/text-decoration,Dark,tokens/font/decorations/none,STRING,true,false
typography/h6,Dark,"{""fontFamily"":""{tokens.font.typefaces.primary}"",""fontSize"":""{tokens.font.sizes.xl}"",""fontWeight"":""{tokens.font.weights.regular}"",""fontStyle"":""{tokens.font.styles.normal}"",""letterSpacing"":""{tokens.font.letter-spacings.default}"",""lineHeight"":""{tokens.font.line-heights.default}"",""textCase"":""{tokens.font.cases.original}"",""textDecoration"":""{tokens.font.decorations.none}""}",STRING,false,false
typography/h6/font-family,Dark,tokens/font/typefaces/primary,STRING,true,false
typography/h6/font-size,Dark,tokens/font/sizes/xl,STRING,true,false
typography/h6/font-weight,Dark,tokens/font/weights/regular,STRING,true,false
typography/h6/font-style,Dark,tokens/font/styles/normal,STRING,true,false
typography/h6/letter-spacing,Dark,tokens/font/letter-spacings/default,STRING,true,false
typography/h6/line-height,Dark,tokens/font/line-heights/default,STRING,true,false
typography/h6/text-case,Dark,tokens/font/cases/original,STRING,true,false
typography/h6/text-decoration,Dark,tokens/font/decorations/none,STRING,true,false
typography/subtitle,Dark,"{""fontFamily"":""{tokens.font.typefaces.secondary}"",""fontSize"":""{tokens.font.sizes.lg}"",""fontWeight"":""{tokens.font.weights.light}"",""fontStyle"":""{tokens.font.styles.normal}"",""letterSpacing"":""{tokens.font.letter-spacings.default}"",""lineHeight"":""{tokens.font.line-heights.default}"",""textCase"":""{tokens.font.cases.original}"",""textDecoration"":""{tokens.font.decorations.none}""}",STRING,false,false
typography/subtitle/font-family,Dark,tokens/font/typefaces/secondary,STRING,true,false
typography/subtitle/font-size,Dark,tokens/font/sizes/lg,STRING,true,false
typography/subtitle/font-weight,Dark,tokens/font/weights/light,STRING,true,false
typography/subtitle/font-style,Dark,tokens/font/styles/normal,STRING,true,false
typography/subtitle/letter-spacing,Dark,tokens/font/letter-spacings/default,STRING,true,false
typography/subtitle/line-height,Dark,tokens/font/line-heights/default,STRING,true,false
typography/subtitle/text-case,Dark,tokens/font/cases/original,STRING,true,false
typography/subtitle/text-decoration,Dark,tokens/font/decorations/none,STRING,true,false
typography/subtitle-small,Dark,"{""fontFamily"":""{tokens.font.typefaces.secondary}"",""fontSize"":""{tokens.font.sizes.md}"",""fontWeight"":""{tokens.font.weights.bold}"",""fontStyle"":""{tokens.font.styles.normal}"",""letterSpacing"":""{tokens.font.letter-spacings.default}"",""lineHeight"":""{tokens.font.line-heights.default}"",""textCase"":""{tokens.font.cases.original}"",""textDecoration"":""{tokens.font.decorations.none}""}",STRING,false,false
typography/subtitle-small/font-family,Dark,tokens/font/typefaces/secondary,STRING,true,false
typography/subtitle-small/font-size,Dark,tokens/font/sizes/md,STRING,true,false
typography/subtitle-small/font-weight,Dark,tokens/font/weights/bold,STRING,true,false
typography/subtitle-small/font-style,Dark,tokens/font/styles/normal,STRING,true,false
typography/subtitle-small/letter-spacing,Dark,tokens/font/letter-spacings/default,STRING,true,false
typography/subtitle-small/line-height,Dark,tokens/font/line-heights/default,STRING,true,false
typography/subtitle-small/text-case,Dark,tokens/font/cases/original,STRING,true,false
typography/subtitle-small/text-decoration,Dark,tokens/font/decorations/none,STRING,true,false
typography/body,Dark,"{""fontFamily"":""{tokens.font.typefaces.secondary}"",""fontSize"":""{tokens.font.sizes.md}"",""fontWeight"":""{tokens.font.weights.regular}"",""fontStyle"":""{tokens.font.styles.normal}"",""letterSpacing"":""{tokens.font.letter-spacings.default}"",""lineHeight"":""{tokens.font.line-heights.default}"",""textCase"":""{tokens.font.cases.original}"",""textDecoration"":""{tokens.font.decorations.none}""}",STRING,false,false
typography/body/font-family,Dark,tokens/font/typefaces/secondary,STRING,true,false
typography/body/font-size,Dark,tokens/font/sizes/md,STRING,true,false
typography/body/font-weight,Dark,tokens/font/weights/regular,STRING,true,false
typography/body/font-style,Dark,tokens/font/styles/normal,STRING,true,false
typography/body/letter-spacing,Dark,tokens/font/letter-spacings/default,STRING,true,false
typography/body/line-height,Dark,tokens/font/line-heights/default,STRING,true,false
typography/body/text-case,Dark,tokens/font/cases/original,STRING,true,false
typography/body/text-decoration,Dark,tokens/font/decorations/none,STRING,true,false
typography/body-small,Dark,"{""fontFamily"":""{tokens.font.typefaces.secondary}"",""fontSize"":""{tokens.font.sizes.sm}"",""fontWeight"":""{tokens.font.weights.regular}"",""fontStyle"":""{tokens.font.styles.normal}"",""letterSpacing"":""{tokens.font.letter-spacings.wide}"",""lineHeight"":""{tokens.font.line-heights.default}"",""textCase"":""{tokens.font.cases.original}"",""textDecoration"":""{tokens.font.decorations.none}""}",STRING,false,false
typography/body-small/font-family,Dark,tokens/font/typefaces/secondary,STRING,true,false
typography/body-small/font-size,Dark,tokens/font/sizes/sm,STRING,true,false
typography/body-small/font-weight,Dark,tokens/font/weights/regular,STRING,true,false
typography/body-small/font-style,Dark,tokens/font/styles/normal,STRING,true,false
typography/body-small/letter-spacing,Dark,tokens/font/letter-spacings/wide,STRING,true,false
typography/body-small/line-height,Dark,tokens/font/line-heights/default,STRING,true,false
typography/body-small/text-case,Dark,tokens/font/cases/original,STRING,true,false
typography/body-small/text-decoration,Dark,tokens/font/decorations/none,STRING,true,false
typography/caption,Dark,"{""fontFamily"":""{tokens.font.typefaces.primary}"",""fontSize"":""{tokens.font.sizes.xs}"",""fontWeight"":""{tokens.font.weights.regular}"",""fontStyle"":""{tokens.font.styles.normal}"",""letterSpacing"":""{tokens.font.letter-spacings.wide}"",""lineHeight"":""{tokens.font.line-heights.default}"",""textCase"":""{tokens.font.cases.original}"",""textDecoration"":""{tokens.font.decorations.none}""}",STRING,false,false
typography/caption/font-family,Dark,tokens/font/typefaces/primary,STRING,true,false
typography/caption/font-size,Dark,tokens/font/sizes/xs,STRING,true,false
typography/caption/font-weight,Dark,tokens/font/weights/regular,STRING,true,false
typography/caption/font-style,Dark,tokens/font/styles/normal,STRING,true,false
typography/caption/letter-spacing,Dark,tokens/font/letter-spacings/wide,STRING,true,false
typography/caption/line-height,Dark,tokens/font/line-heights/default,STRING,true,false
typography/caption/text-case,Dark,tokens/font/cases/original,STRING,true,false
typography/caption/text-decoration,Dark,tokens/font/decorations/none,STRING,true,false
typography/overline,Dark,"{""fontFamily"":""{tokens.font.typefaces.primary}"",""fontSize"":""{tokens.font.sizes.2xs}"",""fontWeight"":""{tokens.font.weights.medium}"",""fontStyle"":""{tokens.font.styles.normal}"",""letterSpacing"":""{tokens.font.letter-spacings.wide}"",""lineHeight"":""{tokens.font.line-heights.default}"",""textCase"":""{tokens.font.cases.uppercase}"",""textDecoration"":""{tokens.font.decorations.none}""}",STRING,false,false
typography/overline/font-family,Dark,tokens/font/typefaces/primary,STRING,true,false
typography/overline/font-size,Dark,tokens/font/sizes/2xs,STRING,true,false
typography/overline/font-weight,Dark,tokens/font/weights/medium,STRING,true,false
typography/overline/font-style,Dark,tokens/font/styles/normal,STRING,true,false
typography/overline/letter-spacing,Dark,tokens/font/letter-spacings/wide,STRING,true,false
typography/overline/line-height,Dark,tokens/font/line-heights/default,STRING,true,false
typography/overline/text-case,Dark,tokens/font/cases/uppercase,STRING,true,false
typography/overline/text-decoration,Dark,tokens/font/decorations/none,STRING,true,false